title,author,score,upvote_ratio,num_comments,created_utc,url,permalink,selftext,flair,is_video,over_18,gilded,domain,post_id
The Lounge,AutoModerator,15,0.94,41,2025-09-14 00:01:49,https://www.reddit.com/r/pennystocks/comments/1nghcwt/the_lounge/,https://www.reddit.com/r/pennystocks/comments/1nghcwt/the_lounge/,"Talk about your daily plays, ideas and strategies that do not warrant an actual post. 

This is the place to request buy/sell advice from the community. 

Remember to keep it civil.

Trade responsibly.",:snoo_dealwithit: General Discussion :snoo_dealwithit:,False,False,0,self.pennystocks,1nghcwt
I think i will hit $10 Million by 2030 ğŸ¤‘,MMTGBS,730,0.85,105,2025-09-13 21:18:04,https://i.redd.it/o3aq2pjl71pf1.jpeg,https://www.reddit.com/r/pennystocks/comments/1nge8au/i_think_i_will_hit_10_million_by_2030/,"I have only one stock in last three months. And i am so excited today after watching the CEOâ€™s interview.

https://youtu.be/bwE09Q6LmaQ

$CRML Lining Up Tesla, SpaceX, Lockheed Martin, Boeing, Raytheon â€” BFS in November, $120M EXIM, 50% of Global Rare Earths by 2030

Critical Metals Corp (CRML) is positioning itself as the most explosive rare earth play in the market. Tony Sage just confirmed timelines and names that put this way beyond a junior mining story.

BFS expected November 2025 with yea",:Bagger: ğ—•ğ˜‚ğ—¹ğ—¹ğ—¶ğ˜€ğ—µ :Bullish:,False,False,0,i.redd.it,1nge8au
Here's why $BTBT is LARGELY undervalued.,Tothemoon373,11,0.87,6,2025-09-14 06:15:13,https://www.reddit.com/r/pennystocks/comments/1ngnl66/heres_why_btbt_is_largely_undervalued/,https://www.reddit.com/r/pennystocks/comments/1ngnl66/heres_why_btbt_is_largely_undervalued/,"
Let me explain:
What I maintain is that it's undervalued. BTBT is currently trading at $2.97 per share, with a total market cap of $955M. As you know, it used to specialize in BTC mining, but due to rising electricity prices, it decided to switch to ETH staking (which is POS and not POW like BTC). It currently holds 121,252 ETH for a total value of $569M. It also owns approximately 74% of a recently listed AI/cloud company, WYFI (IPO about a month ago), with a total market cap of $726M. Therefo",:DDNerd: ğŸ„³ğŸ„³ :DDNerd:,False,False,0,self.pennystocks,1ngnl66
AtlasClear ($ATCH) â€” Breaking Down Subsidiary Profitability and Fair Valuation Ranges,Equal_Dragonfruit_39,22,0.96,9,2025-09-13 23:13:55,https://i.redd.it/4r9nyon9s1pf1.jpeg,https://www.reddit.com/r/pennystocks/comments/1nggh2m/atlasclear_atch_breaking_down_subsidiary/,"DD done in correspondence with the AI with corroboration of posts/info floating around reddit.

1. Wilson-Davis Subsidiary Results (YE June 30, 2025)

From the press release you linked:
	â€¢	Net Income: $1.48M â†’ +295% YoY
	â€¢	Revenue: $12.85M â†’ +15.5% YoY
	â€¢	Net Capital: $11.48M â†’ +9.7% YoY

This means the clearing &amp; brokerage business (Wilson-Davis) is:
	â€¢	Growing revenue steadily (+15%).
	â€¢	Expanding margins dramatically (NI up 295% on +15% rev â†’ operating leverage kicking in).
	â€¢	Holding sol",:Bagger: ğ—•ğ˜‚ğ—¹ğ—¹ğ—¶ğ˜€ğ—µ :Bullish:,False,False,0,i.redd.it,1nggh2m
$VVOS Owning the entire patient journey in sleep apnea,mikelfilko,2,1.0,1,2025-09-14 07:04:20,https://www.reddit.com/r/pennystocks/comments/1ngofig/vvos_owning_the_entire_patient_journey_in_sleep/,https://www.reddit.com/r/pennystocks/comments/1ngofig/vvos_owning_the_entire_patient_journey_in_sleep/,"https://x.com/mikelfilko/status/1967180467045834976?s=46

I have compiled a list of all possible DD which contains the reasons on why this company is one to watch.

Long story short, it is pivoting its business model to capture the entire patient journey in sleep apnea. What this means is that the company can now capture more revenue at different stages. Moreover, it can introduce its FDA approved solution early so that they can sell their product to the customer. 

Please refer to my post on X ",:DDNerd: ğŸ„³ğŸ„³ :DDNerd:,False,False,0,self.pennystocks,1ngofig
NUAI stocks,Junior_Ask_5584,3,0.8,2,2025-09-14 03:42:32,https://www.reddit.com/r/pennystocks/comments/1ngl3v4/nuai_stocks/,https://www.reddit.com/r/pennystocks/comments/1ngl3v4/nuai_stocks/,"What are peopleâ€™s thoughts on NUAI stock?
Have 1000 euro in this and hoping it will be a multi bagger. They have a lot LOI and there are talks of a hyper scaler getting involved. They have access to resources which allows them to build data centres powered off the national grid. They seem to have a lot of things in place but the stock hasnâ€™t taken off yet. Relatively new to penny stocks. What do people think are chances of this succeeding?.Hoping it will go to the moon. ",ğ‘ºğ’•ğ’ğ’„ğ’Œ ğ‘°ğ’ğ’‡ğ’ :stonk:,False,False,0,self.pennystocks,1ngl3v4
"ASST merger completed, hasnâ€™t been announced yet",SolidReporter8229,102,0.95,94,2025-09-13 07:55:47,https://i.redd.it/e4c726og8xof1.jpeg,https://www.reddit.com/r/pennystocks/comments/1nfvlxg/asst_merger_completed_hasnt_been_announced_yet/,"ASST has finally completed its merger with Strive to acquire $750 million for its bitcoin treasury. This hasnâ€™t been announced yet so now is a great opportunity to get in before this takes off. Not to mention this stock is being heavily shorted at 42% of float with very high interest and with volume the squeeze potential is very real. DYOR, not financial advice. ",ğ‘ºğ’•ğ’ğ’„ğ’Œ ğ‘°ğ’ğ’‡ğ’ :stonk:,False,False,0,i.redd.it,1nfvlxg
$Gmni - Gemini Space Station,Ill_Customer7602,0,0.5,1,2025-09-14 08:13:04,https://www.reddit.com/r/pennystocks/comments/1ngpq79/gmni_gemini_space_station/,https://www.reddit.com/r/pennystocks/comments/1ngpq79/gmni_gemini_space_station/,"$GMNI 20x pop with IPO $GEMI.  It could be another $Zoom. I did some research to see how often this happens and the rules around it. Gemini space station may send $GMNI to the moon. Definitely a lottery play. Worth the gamble? Just as an aside, what other apps do you use to chat about stocks? I use Stocktwits. ",ğ—¢ğ—§ğ—– :OTC:,False,False,0,self.pennystocks,1ngpq79
Â£UOG multibagger?,nonoonsJR,1,1.0,1,2025-09-14 08:00:02,https://www.reddit.com/r/pennystocks/comments/1ngpgo7/uog_multibagger/,https://www.reddit.com/r/pennystocks/comments/1ngpgo7/uog_multibagger/,"I have recently revised my portfolio allocation to include oil and gas companies, in order to take advantage of the industry tailwinds, including:

* huge energy requirements required for novel technologies and data infrastructure and national competitiveness (think [Stargate UAE](https://www.globaldatacenterhub.com/p/the-uaes-energy-warning-what-happens)).
* cost of living challenges and the need to reduce energy costs (think [reduction in tax/increase in subsidies](https://www.telegraph.co.uk/",:DDNerd: Technical Analysis :DDNerd:,False,False,0,self.pennystocks,1ngpgo7
Is there a difference between using Wealthfront and Robinhood app for growing stock investments?,BlitzAtk,1,1.0,1,2025-09-14 07:48:33,https://www.reddit.com/r/pennystocks/comments/1ngp8ty/is_there_a_difference_between_using_wealthfront/,https://www.reddit.com/r/pennystocks/comments/1ngp8ty/is_there_a_difference_between_using_wealthfront/,"Just curious, I have been using Wealthfront for close to a year now, but haven't really invested in anything other than my 401k accounts. I'm looking into investing and was wonder if there is a difference between using Wealthfront's own stock investments feature over Robinhood? I hate to have to transfer money back and forth, just to do this.",:snoo_dealwithit: General Discussion :snoo_dealwithit:,False,False,0,self.pennystocks,1ngp8ty
CSAI (Cloudastructure) â€” sleeper AI/security penny stock? ğŸš¨ğŸ‘€,Unfair_Preference_92,0,0.5,1,2025-09-14 06:55:51,https://www.reddit.com/r/pennystocks/comments/1ngo9zv/csai_cloudastructure_sleeper_aisecurity_penny/,https://www.reddit.com/r/pennystocks/comments/1ngo9zv/csai_cloudastructure_sleeper_aisecurity_penny/,"So I stumbled on Cloudastructure (CSAI). Theyâ€™re doing AI + cloud-based video surveillance + remote guarding. Basically â€œnot just cameras, but AI that tries to catch stuff before it happens.â€

Stockâ€™s way down from the highs, feels dirt cheap right now. I grabbed a small bag tbh â€” donâ€™t see many people talking about it.

Anyone else think this could be an under-the-radar play or am I just early bagholding here? ğŸ˜‚",:snoo_dealwithit: General Discussion :snoo_dealwithit:,False,False,0,self.pennystocks,1ngo9zv
SCZMF - Why is no one talking about Santa Cruz Silver Mining Company?,IncreaseImportant512,0,0.5,2,2025-09-14 05:57:48,https://www.reddit.com/r/pennystocks/comments/1ngnann/sczmf_why_is_no_one_talking_about_santa_cruz/,https://www.reddit.com/r/pennystocks/comments/1ngnann/sczmf_why_is_no_one_talking_about_santa_cruz/,"I've been lurking on this subreddit for years now, and finally made a Reddit Account, just to talk about this beast of a penny stock.

It was at 23 cents in February and has now broken $1.60. Their revenue has increased 4% year over year, and they recently completed a $40 million payment to acquire their Bolivian Mining properties. They have taken healthy dips and have just been going up and up.

What am I missing? Their chart has been insane, and I just haven't seen this stock anywhere.",:Bagger: ğ—•ğ˜‚ğ—¹ğ—¹ğ—¶ğ˜€ğ—µ :Bullish:,False,False,0,self.pennystocks,1ngnann
Homeland Nickel Inc. - SHL.V / SRCGF,44_North,2,0.75,1,2025-09-13 21:52:49,https://www.reddit.com/r/pennystocks/comments/1ngewyv/homeland_nickel_inc_shlv_srcgf/,https://www.reddit.com/r/pennystocks/comments/1ngewyv/homeland_nickel_inc_shlv_srcgf/,"Small Canadian company, own *over a Billion pounds of nickel* at surface in Oregon right off the highway. Easy to mine, recently got permits to expand resource. Also own 30% of a large copper deposit in Newfoundland with a resource of 1/4 Billion dollars worth of copper. This property is large with expanding resources of gold as well. On top of this they own millions of shares in other companies. A diamond in the rough. A company like this should have a market cap in the 100s of Millions, yet th",ğ‘ºğ’•ğ’ğ’„ğ’Œ ğ‘°ğ’ğ’‡ğ’ :stonk:,False,False,0,self.pennystocks,1ngewyv
"New to Investing: If You Were Starting Today, Which Penny Stocks or Sectors Would You Pick?",Dry-Exercise-3446,15,0.75,67,2025-09-13 09:48:30,https://www.reddit.com/r/pennystocks/comments/1nfxyhl/new_to_investing_if_you_were_starting_today_which/,https://www.reddit.com/r/pennystocks/comments/1nfxyhl/new_to_investing_if_you_were_starting_today_which/,"Hey everyone,

I recently decided to jump into penny stocks, and Iâ€™ve been experimenting a lot.

Honestly, it can feel a bit overwhelming at times, especially reading most reddit threads , sometimes I canâ€™t even understand what the post is about.Â 

The thing is, I want to invest my money, but I have no idea where to start. Most stock news and analysis I find online Yahoo Finance, other market reports use so much technical jargon that I often feel lost.

One resource thatâ€™s actually helped me a l",:snoo_dealwithit: General Discussion :snoo_dealwithit:,False,False,0,self.pennystocks,1nfxyhl
Is This Small Pharma Stock About to Skyrocket? MIST,RunningRobert1980,17,0.79,23,2025-09-13 10:02:41,https://www.reddit.com/r/pennystocks/comments/1nfya79/is_this_small_pharma_stock_about_to_skyrocket_mist/,https://www.reddit.com/r/pennystocks/comments/1nfya79/is_this_small_pharma_stock_about_to_skyrocket_mist/,"PDUFA on 13Dec2025 which is after a CRL in Mar2025, should be approved on this go around.

92M in cash at the end of 2Q 2025, on approval they will get 75M from a Royalty on the product, plus cashed warrants at 1.75 for up to 108M or around 275M total cash, so cash isnt a problem. The company net loss last Q was 12.5M (I do expect the company operating exp to go up on the full hiring of a sales force ), buts its a reasonable operating exp. 

Condition has up to 100k cardiac surgeries per year, t",ğ‘ºğ’•ğ’ğ’„ğ’Œ ğ‘°ğ’ğ’‡ğ’ :stonk:,False,False,0,self.pennystocks,1nfya79
"SKYX will present at iAccess Alphaâ€™s Virtual Best Ideas Fall Conference. September 16, 2025 | 2:30 PM ET",GodMyShield777,4,0.65,4,2025-09-13 12:25:57,https://i.redd.it/jf14j3r9kyof1.jpeg,https://www.reddit.com/r/pennystocks/comments/1ng1thc/skyx_will_present_at_iaccess_alphas_virtual_best/,"[https://www.iaccessalpha.com](https://www.iaccessalpha.com)

* Location: Virtual
* Dates: September 16 - 17, 2025
* 30-minute presentations: Tuesday, September 16, 2025
* 1x1 Meetings: Wednesday, September 17, 2025",:Bolt2: ê‰“êê“„êê’’êŒ©êŒ—ê“„ :bolt:,False,False,0,i.redd.it,1ng1thc
"$NUAI have signed a Memorandum of Understanding to develop a cutting-edge 1,600-mile fiber optic network spanning Texas.",Senior-Purchase-538,14,0.94,7,2025-09-13 04:01:07,https://i.redd.it/nf6jebel2wof1.jpeg,https://www.reddit.com/r/pennystocks/comments/1nfrt3u/nuai_have_signed_a_memorandum_of_understanding_to/,"""Texas Critical Data Centersâ€™ flagship site intends to connect directly to GlobeLinkâ€™s carrier-neutral fiber network, ensuring unmatched scalability, redundancy, and open access for a broad range of customers and partners.""

https://globelinkfiber.com/

Not financial advice. 

Helium is used in space rockets. ğŸš€ğŸŒ›.",BagHolding:BagHolding:,False,False,0,i.redd.it,1nfrt3u
$ATCH about to fly,millionaire_vietname,163,0.95,133,2025-09-12 11:16:37,https://www.reddit.com/r/pennystocks/comments/1nf5yge/atch_about_to_fly/,https://www.reddit.com/r/pennystocks/comments/1nf5yge/atch_about_to_fly/,"$ATCH wholly owned subsidiary Wilson-Davis reported financials that reflect Year End 06/30/25 Net Income of $1,477,946, a 295% YoY increase, Year End 06/30/25 Revenues of $12,853,192, a 15.45% YoY increase, and 07/31/25 Net Capital of $11,475,547, a 9.65% YoY increase.

In addition, AtlasClear Holdings confirmed that it remains on track to file its Form 10-K on or before Sept. 29, 2025, following its June 30 fiscal year end. â€œThe upcoming filing will highlight the material improvements made in o",ğ‘ºğ’•ğ’ğ’„ğ’Œ ğ‘°ğ’ğ’‡ğ’ :stonk:,False,False,0,self.pennystocks,1nf5yge
The Lounge,AutoModerator,13,0.82,130,2025-09-13 00:01:37,https://www.reddit.com/r/pennystocks/comments/1nfnrhs/the_lounge/,https://www.reddit.com/r/pennystocks/comments/1nfnrhs/the_lounge/,"Talk about your daily plays, ideas and strategies that do not warrant an actual post. 

This is the place to request buy/sell advice from the community. 

Remember to keep it civil.

Trade responsibly.",:snoo_dealwithit: General Discussion :snoo_dealwithit:,False,False,0,self.pennystocks,1nfnrhs
Why is no one talking about $GOSS?,knowitokay,16,0.69,20,2025-09-12 21:43:35,https://www.reddit.com/r/pennystocks/comments/1nfl3ii/why_is_no_one_talking_about_goss/,https://www.reddit.com/r/pennystocks/comments/1nfl3ii/why_is_no_one_talking_about_goss/,"Why Analysts Set a $9 Price Target for $GOSS Before Phase 3 PROSERA Data

Analysts, such as UBS (upgraded to Buy with a $9 price target on September 10, 2025) and others like Cantor Fitzgerald, HC Wainwright, and Piper Sandler, assigning high price targets like $9 (or up to $15) for Gossamer Bio ($GOSS) before the Phase 3 PROSERA trial readout in February 2026 may seem aggressive given the binary risk of clinical trials. However, these targets are rooted in a combination of fundamental analysis,",:snoo_dealwithit: General Discussion :snoo_dealwithit:,False,False,0,self.pennystocks,1nfl3ii
$CGTX the newest updateâ€” I am pounding the table,footballman25,65,0.97,31,2025-09-12 12:13:40,https://www.reddit.com/r/pennystocks/comments/1nf7fjq/cgtx_the_newest_update_i_am_pounding_the_table/,https://www.reddit.com/r/pennystocks/comments/1nf7fjq/cgtx_the_newest_update_i_am_pounding_the_table/,"I used an LLM to help edit this post and make it more clear. I also own this stock. Do your own research. 

Here's why I'm adding to my $CGTX position, even after it's been getting crushed lately

The LBD BTD Rumors
A lot of the recent downward pressure seems to be coming from people assuming that Breakthrough Therapy Designation (BTD) for their Lewy Body Dementia (LBD) drug has been denied. But here's the thing: that's not what the company said. During a recent presentation at the H.C. Wainwrig",:DDNerd: ğŸ„³ğŸ„³ :DDNerd:,False,False,0,self.pennystocks,1nf7fjq
The ugly duckling AI play: SONM and a potential $300M RTO,nomadichedgehog,29,0.94,13,2025-09-12 15:08:55,https://www.reddit.com/r/pennystocks/comments/1nfbwq8/the_ugly_duckling_ai_play_sonm_and_a_potential/,https://www.reddit.com/r/pennystocks/comments/1nfbwq8/the_ugly_duckling_ai_play_sonm_and_a_potential/,"TLDR: I predict SONM will announce an RSS &amp; RTO Monday 15th or 22nd September.  
  
This isn't entirely my DD. Credit goes to reddit user detective doot. But I think it deserves more eyes because most people brushed it off and the argument is a bit tricky to follow.

SONM was basically a dead phone company. They sold off the rugged phone business to Social Mobile for $20M. Whatâ€™s left is actually more interesting than the phones. Theyâ€™ve got the Nasdaq listing, some cash from the sale, and a",:DDNerd: ğŸ„³ğŸ„³ :DDNerd:,False,False,0,self.pennystocks,1nfbwq8
NXXT â‰  NXTT â€“ Stop Spreading Split FUD,Weak-Web6134,71,0.93,15,2025-09-12 09:06:18,https://www.reddit.com/r/pennystocks/comments/1nf2qlm/nxxt_nxtt_stop_spreading_split_fud/,https://www.reddit.com/r/pennystocks/comments/1nf2qlm/nxxt_nxtt_stop_spreading_split_fud/,"I keep seeing comments claiming NXXT (NASDAQ: NXXT) is doing a reverse split. Thatâ€™s simply false. The company that announced a split is NXTT â€” \*different ticker, different stock\*. Some folks clearly donâ€™t know how to read a symbol and are confusing the two. And confusing the others at the same time. 



NXXT has plenty of real factors to discuss: triple-digit revenue growth, record July at $8.19M, $44.1M YTD revenue vs. $27M in 2024, a $1M/month burn cut, and tech optionality in wireless EV c",:DDNerd: ğŸ„³ğŸ„³ :DDNerd:,False,False,0,self.pennystocks,1nf2qlm
XTRAF- Xtract One Technologies is a company to look at for AI weapons technology - this is needed at schools!,Suitable-Heart6037,27,0.92,45,2025-09-12 13:22:23,https://www.reddit.com/r/pennystocks/comments/1nf970m/xtraf_xtract_one_technologies_is_a_company_to/,https://www.reddit.com/r/pennystocks/comments/1nf970m/xtraf_xtract_one_technologies_is_a_company_to/,"
This is purely conversational and I recommend you do your own research:

Xtract One Technologies appears to gain visibility in the security technology space. Its AI-driven weapons detection systems have been selected for use at two of the most technically advanced venues in the country (in my opinion) â€”Las Vegasâ€™s Sphere and New Yorkâ€™s Madison Square Garden. These deployments reflect growing interest in solutions that prioritize both safety and visitor experience, using non-invasive screening m",:snoo_dealwithit: General Discussion :snoo_dealwithit:,False,False,0,self.pennystocks,1nf970m
GoPro's New AI Training Program - Subscription based that pays out,Downtown_Hedgehog_44,3,0.8,5,2025-09-13 01:07:36,https://www.reddit.com/r/pennystocks/comments/1nfoxfw/gopros_new_ai_training_program_subscription_based/,https://www.reddit.com/r/pennystocks/comments/1nfoxfw/gopros_new_ai_training_program_subscription_based/,"GoPro is reincarnating itself through subscription services by allowing subscribers to participate in a  new GoPro AI Training Program.  It pays  subscribers 50% of the license fees for their cloud-based content used to train AI models. 

As a GoPro subscriber, you can opt-in to make your cloud-based video content available to AI based OEM service providers (Ex: $INOD) by enabling them to consume your data in training their AI models as they develop features &amp; services.

You, as the data pro",:snoo_dealwithit: General Discussion :snoo_dealwithit:,False,False,0,self.pennystocks,1nfoxfw
Nvni breakout,herpderpisawesome,12,0.87,4,2025-09-12 16:37:12,https://i.redd.it/71kob5skosof1.png,https://www.reddit.com/r/pennystocks/comments/1nfe540/nvni_breakout/,"Hereâ€™s a Fundamentals Due Diligence (DD) summary for NVNI in a clean, structured DD format:


NVNI Fundamentals DD + Technical Breakout

Company: Nvni Group Ltd
Ticker: NVNI
Exchange: NASDAQ
Sector: Technology
Industry: Software â€“ Application
Headquarters: SÃ£o Paulo, Brazil
Employees: ~618
Website: nuvini.com.br


1. Business Overview

Acquires and operates B2B SaaS companies in Brazil and Latin America.

Key portfolio companies: Effecti, Leadlovers, Ipe Tecnologia, Munddi.

Focus: Recurring rev",:DDNerd: ğŸ„³ğŸ„³ :DDNerd:,False,False,0,i.redd.it,1nfe540
MBOT vs ATYR,greencandlevandal,33,0.9,18,2025-09-12 10:40:41,https://www.reddit.com/r/pennystocks/comments/1nf51mo/mbot_vs_atyr/,https://www.reddit.com/r/pennystocks/comments/1nf51mo/mbot_vs_atyr/,"Two of the most hotly anticipated stocks this month.

MBOT just receieved FDA clearance for their LIBERTY endovascular robotic system which is the first FDA-cleared single-use remotely operated robotic system for peripheral endovascular procedures. This system had a 100% success rate in robotic navigation to target and a 92% reduction in physician radiation exposure. Price targets range from $9 - $12. Short interest is around 16.5% with the cost to borrow at 38.55%

ATYR is awaiting the decision",:snoo_dealwithit: General Discussion :snoo_dealwithit:,False,False,0,self.pennystocks,1nf51mo
New High Tide inc analyst and report with Buy Rating 6$ US P.T ( NASDAQ: HITI ) In Deep Dive,WilliamBlack97AI,1,0.6,2,2025-09-13 05:17:23,https://www.reddit.com/r/pennystocks/comments/1nfszfe/new_high_tide_inc_analyst_and_report_with_buy/,https://www.reddit.com/r/pennystocks/comments/1nfszfe/new_high_tide_inc_analyst_and_report_with_buy/,"High Tide operates 207 Canna Cabana stores, Canadaâ€™s largest cannabis retail chain, with an 11% market share in Ontario and 21% in Alberta.igh Tide operates 207 Canna Cabana stores, Canadaâ€™s largest cannabis retail chain, with an 11% market share in Ontario and 21% in Alberta.

https://preview.redd.it/u9d4r6hdowof1.jpg?width=1080&amp;format=pjpg&amp;auto=webp&amp;s=7b99d1f352b983c8a9a6bb0c4ffe44787010b4a9

Cabana Club: The loyalty program boasts over 2 million members, including 104,000 ELITE me",:DDNerd: ğŸ„³ğŸ„³ :DDNerd:,False,False,0,self.pennystocks,1nfszfe
A thank you!,under_rated_human,282,0.95,54,2025-09-11 22:07:54,https://i.redd.it/8lacnmyn6nof1.png,https://www.reddit.com/r/pennystocks/comments/1ner6ik/a_thank_you/,"I know $280 is small time to a lot of you guys. Up until a couple of weeks ago I've had about $230 in my Robbinhood account just sitting in one dividend stock gaining $1.20 every quarter in dividends. Ive been coasting for close to 5 years just content with that stock. 

A couple of weeks ago I decided to take some risks with that money which is just hanging out (I'm investing monthly in a work 401k). But I finally thought I should try to make this money do something. 

Literally just hopping on",:snoo_dealwithit: General Discussion :snoo_dealwithit:,False,False,0,i.redd.it,1ner6ik
"Mentions, Sep 12",TradeSpecialist7972,56,0.95,27,2025-09-12 06:33:48,https://i.redd.it/7fwh2ucxopof1.jpeg,https://www.reddit.com/r/pennystocks/comments/1nezo76/mentions_sep_12/,,:snoo_dealwithit: General Discussion :snoo_dealwithit:,False,False,0,i.redd.it,1nezo76
Potential upside for $DNN and $MITQ?,ConferenceSpirited59,2,1.0,1,2025-09-12 23:42:07,https://www.reddit.com/r/pennystocks/comments/1nfneao/potential_upside_for_dnn_and_mitq/,https://www.reddit.com/r/pennystocks/comments/1nfneao/potential_upside_for_dnn_and_mitq/,"Been following some cheap and undervalued companies and allocating a small portion to high risk high reward companies. Recently made bank with RZLV for abit (and there's more to be gained!). Recently found two companies, $DNN and $MITQ which I've thrown some cash into. Wanted to get some opinions from redditors?

$DNN: Denison Mines Corp. is an exploration and development company focused on uranium assets in Canada's Athabasca Basin, a region known for high-grade uranium deposits. Its business m",:snoo_dealwithit: General Discussion :snoo_dealwithit:,False,False,0,self.pennystocks,1nfneao
$MPW - Huge Risks Priced In? Imminent Turn Around,thirtydelta,10,0.92,12,2025-09-12 13:34:12,https://www.reddit.com/r/pennystocks/comments/1nf9i1x/mpw_huge_risks_priced_in_imminent_turn_around/,https://www.reddit.com/r/pennystocks/comments/1nf9i1x/mpw_huge_risks_priced_in_imminent_turn_around/,"As of Aug 31, around 166M shares are sold short  â€” thatâ€™s about 33% of the float. Days to cover sits near 19.5. The float isnâ€™t tiny, but with a third of it bet against, it creates a setup where any shift in sentiment could get interesting.

**Recent developments:**

* **California hospitals re-leased:** MPW signed a new lease covering 6 California hospitals from the bankrupt Prospect Medical portfolio. That directly addresses one of the biggest risks investors have been worried about.
* **Cash ",:Bagger: ğ—•ğ˜‚ğ—¹ğ—¹ğ—¶ğ˜€ğ—µ :Bullish:,False,False,0,self.pennystocks,1nf9i1x
"$BURU - UP nearly 5% as Power Hour starts, with News coming next week... In short, we are executing the plan we laid out and steadily building the foundation for sustained value creation.",Front-Page_News,6,0.8,4,2025-09-12 15:01:41,https://www.reddit.com/r/pennystocks/comments/1nfbq1s/buru_up_nearly_5_as_power_hour_starts_with_news/,https://www.reddit.com/r/pennystocks/comments/1nfbq1s/buru_up_nearly_5_as_power_hour_starts_with_news/,"$BURU - UP nearly 5% as Power Hour starts, with News coming next week...

In short, we are executing the plan we laid out and steadily building the foundation for sustained value creation. The months ahead will bring critical milestones, and we are confident that the trajectory we are on will strengthen NUBURUâ€™s position as a leading player in defense technology innovation.
https://www.businesswire.com/news/home/20250909958986/en/NUBURU-Provides-Shareholder-Update-on-Strategic-Progress-and-Path-",:Bolt2: ê‰“êê“„êê’’êŒ©êŒ—ê“„ :bolt:,False,False,0,self.pennystocks,1nfbq1s
$TAIT a dividend paying microcap,casinoman669,9,0.91,5,2025-09-12 12:12:46,https://www.reddit.com/r/pennystocks/comments/1nf7epv/tait_a_dividend_paying_microcap/,https://www.reddit.com/r/pennystocks/comments/1nf7epv/tait_a_dividend_paying_microcap/,"-Market cap 17m

-Revenue 4,3m

-Cash 9m

-No debt

-Dividend around 5% with current prices

-Insider ownership 40%

-Institutional ownership 20%

-float tiny 3m

-no dilution risk


Taitron Components Incorporated engages in the supply of original designed and manufactured (ODM) electronic components, and distribution of brand name electronic components. It distributes discrete semiconductors, commodity integrated circuits, optoelectronic devices, and passive components.

So, we have a boring, ",ğ‘ºğ’•ğ’ğ’„ğ’Œ ğ‘°ğ’ğ’‡ğ’ :stonk:,False,False,0,self.pennystocks,1nf7epv
Bit Digital (BTBT) is the next large ETH Treasury Play!,SuperBunnyooo,12,0.93,5,2025-09-12 10:09:27,https://www.reddit.com/r/pennystocks/comments/1nf49cr/bit_digital_btbt_is_the_next_large_eth_treasury/,https://www.reddit.com/r/pennystocks/comments/1nf49cr/bit_digital_btbt_is_the_next_large_eth_treasury/,"Surprised not many people talked about this one on Reddit. I did so much research on it. Everything I read about this company online is positive. I am confident that it has a very high potential to run before the end of the year. They made a profit last quarter.

They are one of the largest ETH public holders.

They have a HPC/AI arm which they spun off and went public. Its called Whitefiber.

They own a substantial number of shares in WhiteFiber. I thought that was a genius move, spinning off a",ğ‘ºğ’•ğ’ğ’„ğ’Œ ğ‘°ğ’ğ’‡ğ’ :stonk:,False,False,0,self.pennystocks,1nf49cr
Bitfarm is going to be mad fun !!!! Still alot of room,SushinWasabie,32,0.92,18,2025-09-12 04:34:53,https://www.reddit.com/r/pennystocks/comments/1nexs4p/bitfarm_is_going_to_be_mad_fun_still_alot_of_room/,https://www.reddit.com/r/pennystocks/comments/1nexs4p/bitfarm_is_going_to_be_mad_fun_still_alot_of_room/,"WAY better DD in the comment section   
(From WallstreetBets)



# What Is Bitfarms

* **Business**: Bitfarms is a *vertically integrated Bitcoin mining company*. They own and operate their own mining data centers (â€œfarmsâ€), do onsite technical repair, run electrical engineering/installation services, and use proprietary data analytics. [bitfarminvt.com+2StockAnalysis+2](https://bitfarminvt.com/investors/company?utm_source=chatgpt.com)
* **Operations**: They have facilities in **Canada, the Unit",:snoo_dealwithit: General Discussion :snoo_dealwithit:,False,False,0,self.pennystocks,1nexs4p
My first wins (total noob),MartinsSulcs,15,0.94,3,2025-09-12 07:12:24,https://www.reddit.com/gallery/1nf0cq6,https://www.reddit.com/r/pennystocks/comments/1nf0cq6/my_first_wins_total_noob/,"I'm a total Noob at stock market, but recently I started investing.

I like penny stocks. High risk, high reward.  
Here are my first wins.

**Incannex Healthcare \[IXHL\]**  
Bought on August 18 for 0.39$  
Sold on August 26 for 0.79$  
Bought it because of reccomendation on this subreddit.

**SiNtx Technologies \[SINT\]**   
Bought on 27 August for 3.85$  
Sold on 3 September for 5.05$  
Bought it because I saw that 3 insiders bought the stock. Thought that probably they know something that ot",:snoo_dealwithit: General Discussion :snoo_dealwithit:,False,False,0,reddit.com,1nf0cq6
The Lounge,AutoModerator,42,0.95,1392,2025-09-12 00:02:08,https://www.reddit.com/r/pennystocks/comments/1netemg/the_lounge/,https://www.reddit.com/r/pennystocks/comments/1netemg/the_lounge/,"Talk about your daily plays, ideas and strategies that do not warrant an actual post. 

This is the place to request buy/sell advice from the community. 

Remember to keep it civil.

Trade responsibly.",:snoo_dealwithit: General Discussion :snoo_dealwithit:,False,False,0,self.pennystocks,1netemg
todayâ€™s lottery $XTIA,OhWowMuchFunYouGuys,3,0.67,0,2025-09-12 10:40:34,https://www.reddit.com/r/pennystocks/comments/1nf51iu/todays_lottery_xtia/,https://www.reddit.com/r/pennystocks/comments/1nf51iu/todays_lottery_xtia/,"This is fully gambling, if you wanna be a degenerate like me, consider. Good luck today. ",:penny2: MÎ£MÎ£ :penny:,False,False,0,self.pennystocks,1nf51iu
Pilgrimâ€™s Pride Agreed to Pay $41.5M To Investors Over Price Manipulation Scandal,11thestate,3,1.0,1,2025-09-12 10:13:36,https://www.reddit.com/r/pennystocks/comments/1nf4d7e/pilgrims_pride_agreed_to_pay_415m_to_investors/,https://www.reddit.com/r/pennystocks/comments/1nf4d7e/pilgrims_pride_agreed_to_pay_415m_to_investors/,"Hey guys, if you missed it, Pilgrimâ€™s Pride is still accepting claims from investors over claims of manipulating poultry pricing a few years ago.

For newbies, back in 2016 (a lifetime ago), Pilgrim was accused of working with other companies (like Tyson Foods) to fix prices in the chicken market. It was said they reduced production and coordinated supply to raise chicken prices in the U.S.

When this came to light, $PPC dropped and investors filed a lawsuit against them.Â 

The good news is that",:snoo_dealwithit: General Discussion :snoo_dealwithit:,False,False,0,self.pennystocks,1nf4d7e
$UWMC  $UWMCW for rate cut play on lowered interest rates,AppropriateCat3444,3,0.81,5,2025-09-12 09:55:51,https://www.reddit.com/r/pennystocks/comments/1nf3x2y/uwmc_uwmcw_for_rate_cut_play_on_lowered_interest/,https://www.reddit.com/r/pennystocks/comments/1nf3x2y/uwmc_uwmcw_for_rate_cut_play_on_lowered_interest/,"My September 16 rate cut play is  $UWMC  

Some might want to buy warrants $UWMCW.

The warrants expire Jan 2025.

Last week NXTT up 100%

2 weeks ago $YDES rights up 500%

Higher strikes have been introduced on [$UWMC](https://x.com/search?q=%24UWMC&amp;src=cashtag_click) option chain.

 Has a market cap of $6.96 billion, while [$RKT](https://x.com/search?q=%24RKT&amp;src=cashtag_click) has $38 billion market cap.....big discount

Cheers!  
  
  
",:DDNerd: ğŸ„³ğŸ„³ :DDNerd:,False,False,0,self.pennystocks,1nf3x2y
What do you think about OPI? (real estate),Mediocre-Value1478,4,1.0,1,2025-09-12 08:00:45,https://www.reddit.com/r/pennystocks/comments/1nf1aah/what_do_you_think_about_opi_real_estate/,https://www.reddit.com/r/pennystocks/comments/1nf1aah/what_do_you_think_about_opi_real_estate/,"I just started to invest yesterday and I think it's a pretty good stock

What do you think about it? 

  
several infos: OPI is a national REIT focused on owning and leasing office properties to high credit quality tenants in markets throughout the United States. As of March 31, 2025, approximately 60% of OPI's revenues were from investment grade rated tenants. OPI owned 125 properties as of March 31, 2025, with approximately 17.3 million square feet located in 29 states and Washington, D.C. In ",:Bagger: ğ—•ğ˜‚ğ—¹ğ—¹ğ—¶ğ˜€ğ—µ :Bullish:,False,False,0,self.pennystocks,1nf1aah
I LOVE Fridays,to_the_star4,0,0.21,1,2025-09-13 00:33:22,https://www.reddit.com/r/pennystocks/comments/1nfoc4o/i_love_fridays/,https://www.reddit.com/r/pennystocks/comments/1nfoc4o/i_love_fridays/,"OH!!! yeaaa... freaking AWESOME pick up a lot toady thanks to WEAk hands love you TARDSss â˜¢ï¸â˜¢ï¸âš¡â˜¢ï¸âš¡ï¸ WEAK HANDS always sell in the morning....then a little climb...then everyone goes to lunch cause we love lunch....then weak hands think they have the upper hand...then 1:30 comes around and lunch is over...ğŸ¤£ ğŸ’ğŸ¤š

them here comes Monday",:Bagger: ğ—•ğ˜‚ğ—¹ğ—¹ğ—¶ğ˜€ğ—µ :Bullish:,False,False,0,self.pennystocks,1nfoc4o
$NVNI Short Insight on Nuvini Group,fine-sampay,10,0.92,2,2025-09-11 23:42:36,https://www.reddit.com/r/pennystocks/comments/1net17s/nvni_short_insight_on_nuvini_group/,https://www.reddit.com/r/pennystocks/comments/1net17s/nvni_short_insight_on_nuvini_group/,"Letâ€™s take a closer look at the news aboutÂ **Nuvini Group**.  
This is not a direct event, but please check the link below.

[https://www.linkedin.com/posts/leadlovers\_estamos-entrando-em-modo-ia-total-na-leadlovers-activity-7371600915243425792-ud3E?utm\_source=social\_share\_send&amp;utm\_medium=android\_app&amp;rcm=ACoAACeDhysBKzX7eWJd4K\_ACGMNoxryh2lzrww&amp;utm\_campaign=copy\_link](https://www.linkedin.com/posts/leadlovers_estamos-entrando-em-modo-ia-total-na-leadlovers-activity-7371600915",ğ‘ºğ’•ğ’ğ’„ğ’Œ ğ‘°ğ’ğ’‡ğ’ :stonk:,False,False,0,self.pennystocks,1net17s
Mullen Automotive: Big Promises That Ended in 90% Stock Drop â€” Could Itâ€™ve Gone Differently?,JuniorCharge4571,1,1.0,7,2025-09-12 10:39:33,https://www.reddit.com/r/pennystocks/comments/1nf50kv/mullen_automotive_big_promises_that_ended_in_90/,https://www.reddit.com/r/pennystocks/comments/1nf50kv/mullen_automotive_big_promises_that_ended_in_90/,"Hey guys, by now, we all know that, after that many reverse splits, stock drops, and undelivered cars, the situation is bad, at least. But I decided to dig a little deeper into Mullenâ€™s history, and I think that things were off from the very beginning.Â 

Mullen Automotive went public in November 2021 with big promises, positioning itself as an EV innovator with cutting-edge technology and game-changing vehicles.

But by early 2022, despite the announcements, Mullen failed to deliver its promises",:snoo_dealwithit: General Discussion :snoo_dealwithit:,False,False,0,self.pennystocks,1nf50kv
ATCH - September case - potential multi (x) C L I M B - what is everyoneâ€™s opinions and estimates on this stock?,Splendid_muralist,61,0.96,67,2025-09-11 11:55:58,https://www.reddit.com/r/pennystocks/comments/1neciyp/atch_september_case_potential_multi_x_c_l_i_m_b/,https://www.reddit.com/r/pennystocks/comments/1neciyp/atch_september_case_potential_multi_x_c_l_i_m_b/,"We have all seen many posts in the last weeks about ATCH - regarding their upcoming catalysts, possible future funding, how they have been reducing their debts, etc. 

It seems to have bounced between $0.18-$0.24 for the past 4 months or so - but with possible catalysts and their releasing of their 10-k, what do we think is the price target for ATCH by the end of September? 

I am estimating between a low of between $0.35-$0.85. A realistic case may be between $1.00-$2.85 if the news is decent, ",:Bagger: ğ—•ğ˜‚ğ—¹ğ—¹ğ—¶ğ˜€ğ—µ :Bullish:,False,False,0,self.pennystocks,1neciyp
$VISM The AI Security Gap is Wider Than We Think: 34% of Orgs Already Breached. What's Your Take?,Ok-Sentence3948,1,0.67,1,2025-09-12 10:03:59,https://www.reddit.com/r/pennystocks/comments/1nf44h4/vism_the_ai_security_gap_is_wider_than_we_think/,https://www.reddit.com/r/pennystocks/comments/1nf44h4/vism_the_ai_security_gap_is_wider_than_we_think/,"Hey everyone,

Been tracking the news this week and the pace of AI adoption vs. security readiness is pretty staggering. We're seeing massive data center build-outs (OpenAI's $300B deal, $40B in new US construction), but a new Cloud Security Alliance report says 34% of orgs with AI workloads have already been breached.On top of that, you have the FTC poking around in AI chatbots and major breaches like the one at Jaguar Land Rover. It feels like we're building the AI future on a shaky foundation",ğ‘ºğ’•ğ’ğ’„ğ’Œ ğ‘°ğ’ğ’‡ğ’ :stonk:,False,False,0,self.pennystocks,1nf44h4
NXXTâ€™s Consolidation Is Textbook Bullish,Flat-Bill3252,74,0.92,19,2025-09-11 10:05:33,https://www.reddit.com/r/pennystocks/comments/1ne9psb/nxxts_consolidation_is_textbook_bullish/,https://www.reddit.com/r/pennystocks/comments/1ne9psb/nxxts_consolidation_is_textbook_bullish/,"NXXT (NASDAQ: NXXT) has pulled back slightly to $1.87, hugging support. Rather than weakness, this looks like textbook consolidation after a breakout. Healthy pauses often precede stronger runs.



Fundamentals remain the anchor. Year-to-date revenue already beats last yearâ€™s totals, wireless EV charging pilots are progressing, and the AI-driven Utility OS is scaling across fueling and microgrids. Insiders hold \~80%, institutions have raised stakes by nearly 178%, and the float remains just \~2",:DDNerd: ğŸ„³ğŸ„³ :DDNerd:,False,False,0,self.pennystocks,1ne9psb
With cut rates and gold price next baggerx30,MybobbyB,1,0.55,4,2025-09-12 09:18:36,https://i.redd.it/pbbd6kpbiqof1.jpeg,https://www.reddit.com/r/pennystocks/comments/1nf30yw/with_cut_rates_and_gold_price_next_baggerx30/,"Nova minerals gold explorer with ressources 9â€™9Moz is one of top10 stock in the world in GOLD JUNIOR MINING 

$NVA wait permit and subventions very soon for Antimony support by USA in Alaska. This ll be amazing to 1- Stop dilution 2- Earn first revenues 3- Built gold mining 

In 2020 nova was at 120$ recovery can starting now and same go higher 

WS see fair value at 440$ it s target",:Bolt2: ê‰“êê“„êê’’êŒ©êŒ—ê“„ :bolt:,False,False,0,i.redd.it,1nf30yw
News: BHAT sitting on 100M $ of gold,ValueExpert84,1,0.6,2,2025-09-12 09:09:49,https://www.reddit.com/r/pennystocks/comments/1nf2tj5/news_bhat_sitting_on_100m_of_gold/,https://www.reddit.com/r/pennystocks/comments/1nf2tj5/news_bhat_sitting_on_100m_of_gold/,"BHAT = tiny NASDAQ company that now owns ~$100M worth of gold. Market often values the whole company below its gold stash. High-risk microcap, but interesting â€œgold proxyâ€ play for speculators.

Gold holdings:
Owns 1 metric ton of gold (â‰ˆ 32,150 ounces).
Bought in Aug 2024 at â‰ˆ $1,990/oz â†’ cost â‰ˆ $64M.
Current market value â‰ˆ $106M (unrealized gain â‰ˆ +$42M / +65%).
Expansion plan: Company stated intention to increase reserves to 1,500 kg (â‰ˆ 1.5 tons).
	

Check news releases a few minutes ago

Blu",:DDNerd: ğŸ„³ğŸ„³ :DDNerd:,False,False,0,self.pennystocks,1nf2tj5
PRPH - CEO just issued himself 500k warrants,Bansionboy,20,0.92,17,2025-09-11 16:17:01,https://www.reddit.com/r/pennystocks/comments/1nejd0i/prph_ceo_just_issued_himself_500k_warrants/,https://www.reddit.com/r/pennystocks/comments/1nejd0i/prph_ceo_just_issued_himself_500k_warrants/,"So hereâ€™s something weird I found digging through SEC filings:

* On Sept 9, 2025, ProPhase Labs (PRPH) held a special shareholder meeting to vote on increasing authorized shares from 50M â†’ 1B.
* Two days later, CEO/Chairman Ted Karkus filed a Form 4 showing he got 500,000 warrants at an exercise price of $0.60.
* The filing says these warrants were contingent on shareholders approving the increase in authorized shares.
* But hereâ€™s the catch â†’ as of today, PRPH hasnâ€™t published any 8-K or press",ğ‘ºğ’•ğ’ğ’„ğ’Œ ğ‘°ğ’ğ’‡ğ’ :stonk:,False,False,0,self.pennystocks,1nejd0i
FBIO stock analysis 11/09,Salt_Ad_2946,11,1.0,7,2025-09-11 18:48:00,https://www.reddit.com/r/pennystocks/comments/1nen0l9/fbio_stock_analysis_1109/,https://www.reddit.com/r/pennystocks/comments/1nen0l9/fbio_stock_analysis_1109/,"**Fortress Biotech (FBIO) @$3.83**

This is my first post here, I know I've left out a few key pointers here so feel free to drop any additional ones below, I'm open to any feedback/personal opinons. 

|Market Cap|113.961M|
|:-|:-|
|**52 Week Range**|**1.3300 - 3.9100**|
|**Shares**|**29.75M**|

I wanted to give my personal analysis on this stock as I believe they have the potential to arise from the Penny stock category due to their upcoming catalyst event.

During this analysis I'm going to fo",ğ‘ºğ’•ğ’ğ’„ğ’Œ ğ‘°ğ’ğ’‡ğ’ :stonk:,False,False,0,self.pennystocks,1nen0l9
This penny stock is hoooottt..thank me later!,First_Community2173,50,0.73,126,2025-09-11 09:39:00,https://www.reddit.com/r/pennystocks/comments/1ne92x3/this_penny_stock_is_hooootttthank_me_later/,https://www.reddit.com/r/pennystocks/comments/1ne92x3/this_penny_stock_is_hooootttthank_me_later/,"""From Westminster to NATO: Defence Holdings Embeds at the Top Table This is a huge development â€” arguably bigger than yesterdayâ€™s bombshell.

&gt;Happened this week:  
  
1. Lord Houghtonâ€™s Appointment   
  
Defence Holdings stunned the market by appointing Field Marshal Lord Houghton of Richmond, the former Chief of Defence Staff and one of only a handful alive to hold the British Armyâ€™s highest possible rank.   
  
As CDS, he was the professional head of the entire UK Armed Forces, directly ad",ğ‘ºğ’•ğ’ğ’„ğ’Œ ğ‘°ğ’ğ’‡ğ’ :stonk:,False,False,0,self.pennystocks,1ne92x3
"Iterum therapeutics shareholders deny key proposals, indicating a buyout. Bear case $4-5. Bull case $20-22",benzozs,6,0.75,8,2025-09-11 20:15:54,https://www.reddit.com/gallery/1neowbl,https://www.reddit.com/r/pennystocks/comments/1neowbl/iterum_therapeutics_shareholders_deny_key/,"
I only hold 2,400 shares at $.78. This is my last post on CEO Corey Fishmans latest project orlynvah with his team, Iterum Therapeutics (itrm). 

BEAR CASE (Lowball pe/rescue):  $4-5

BASE CASE (Typical antibiotic buyout) $10-12

BULL CASE (strong sales/multiple bidders for orlynvah) $20-22

â€”â€”â€”â€”â€”â€”â€”â€”â€”â€”â€”â€”â€”â€”â€”â€”â€”
Q4 2025 / Q1 2026 Sales Data â†’ If ORLYNVAH launches strong, Iterumâ€™s leverage in negotiations rises.
	â€¢	Partnership News â†’ A co-promotion or licensing deal would confirm pharma interest.
	",ğ‘ºğ’•ğ’ğ’„ğ’Œ ğ‘°ğ’ğ’‡ğ’ :stonk:,False,False,0,reddit.com,1neowbl
"$PROK, anyone?",xploeris,5,1.0,4,2025-09-11 21:24:14,https://www.reddit.com/r/pennystocks/comments/1neqazj/prok_anyone/,https://www.reddit.com/r/pennystocks/comments/1neqazj/prok_anyone/,"TL:DR - very promising preclinical kidney disease treatment. Price jumped today, likely to jump again.

I'm not gonna ChatGPT this so it's gonna be loose and rough -

If you don't know, kidney disease is a huge deal; it affects diabetics and the elderly (and especially the diabetic elderly). We're talking millions of Americans. It's progressive, irreversible, and basically fatal. The only real treatment now is transplantation or weekly dialysis.

Prokidney is working on a kidney disease treatmen",:snoo_dealwithit: General Discussion :snoo_dealwithit:,False,False,0,self.pennystocks,1neqazj
NNVC â€“ 5 Key Reasons This Antiviral Microcap Deserves a Look ğŸ§¬,-desandan,1,1.0,0,2025-09-12 06:02:12,https://www.reddit.com/r/pennystocks/comments/1nez57q/nnvc_5_key_reasons_this_antiviral_microcap/,https://www.reddit.com/r/pennystocks/comments/1nez57q/nnvc_5_key_reasons_this_antiviral_microcap/,"1ï¸âƒ£ Proprietary Nanoviricide Platform
NNVCâ€™s patented nanomedicine tech envelops and neutralizes viruses directly, a mechanism designed to remain effective even as viruses mutate. This â€œplatform playâ€ gives the company optionality across multiple infectious diseases beyond COVID-19.

2ï¸âƒ£ Pipeline with Near-Term Catalysts
Lead candidate NV-CoV-2 is advancing toward human trials for coronavirus infections, while HSV and shingles programs are in pre-clinical stages. Each milestone (trial start, dat",:DDNerd: ğŸ„³ğŸ„³ :DDNerd:,False,False,0,self.pennystocks,1nez57q
Do you guys think NXTT has momentum for another leg?,fantasyii,3,0.57,42,2025-09-11 20:41:31,https://i.redd.it/7ahuoh69rmof1.jpeg,https://www.reddit.com/r/pennystocks/comments/1nepfd9/do_you_guys_think_nxtt_has_momentum_for_another/,"Totally meant to hold these shares overnight, nothing to see here, anyways hereâ€™s my sound technical analysis of what NXTT might be able to do tomorrow, what do you guys think?

Hit my 3rd day trade in a week today so I couldnâ€™t sell my 100% gain, sucks to suck lol donâ€™t be an idiot like me",:penny2: MÎ£MÎ£ :penny:,False,False,0,i.redd.it,1nepfd9
This company is doing what juniors should have done years ago,DazzlingUpstairs7416,3,0.67,1,2025-09-11 22:16:04,https://www.reddit.com/r/pennystocks/comments/1nerc99/this_company_is_doing_what_juniors_should_have/,https://www.reddit.com/r/pennystocks/comments/1nerc99/this_company_is_doing_what_juniors_should_have/,"Letâ€™s be honest, the traditional junior mining model is broken. Too much time and money is spent drilling, promoting, and hoping. Shareholders get diluted year after year while management raises more and delivers little.Â 

ESGold (ESAU) is breaking that cycle.Â 

Their Montauban Project is a real-world example of how to do things better. Theyâ€™re taking mine tailings with known grades and volumes, running them through a gravity plant, and extracting gold, silver, and mica, all with minimal environ",ğ‘ºğ’•ğ’ğ’„ğ’Œ ğ‘°ğ’ğ’‡ğ’ :stonk:,False,False,0,self.pennystocks,1nerc99
NXXT Consolidates â€“ Retail Eyes $2+ Retest,tp488,32,0.97,10,2025-09-11 09:36:19,https://www.reddit.com/r/pennystocks/comments/1ne90oc/nxxt_consolidates_retail_eyes_2_retest/,https://www.reddit.com/r/pennystocks/comments/1ne90oc/nxxt_consolidates_retail_eyes_2_retest/,"At $1.87, NXXT (NASDAQ: NXXT) is holding firm after last weekâ€™s breakout. Investor chatter shows optimism that todayâ€™s consolidation could be the springboard for another strong session.

The growth story hasnâ€™t changed. July was the companyâ€™s first-ever $8M+ revenue month. Year-to-date revenue of $44.1M already dwarfs last yearâ€™s $27M. The July restructuring cut \~$1M/month in burn, while partnerships with Hudson Sustainable Group ($13B AUM) strengthen capital access.

This means any technical c",:DDNerd: ğŸ„³ğŸ„³ :DDNerd:,False,False,0,self.pennystocks,1ne90oc
ticket SLNH? With all these AI data plays. Is being slept on.,Isawnyconce,3,0.8,3,2025-09-11 21:16:10,https://www.reddit.com/r/pennystocks/comments/1neq4xu/ticket_slnh_with_all_these_ai_data_plays_is_being/,https://www.reddit.com/r/pennystocks/comments/1neq4xu/ticket_slnh_with_all_these_ai_data_plays_is_being/,"SLNH = Sleeper AI infra play.
All the AI data center names are $1B+â€¦ SLNH is only $0.69/share &amp; $20M market cap. With billions pouring into AI buildouts, it only takes one deal or narrative shift for this to blow up. Asymmetric upside. Is anyone on it? ",:snoo_dealwithit: General Discussion :snoo_dealwithit:,False,False,0,self.pennystocks,1neq4xu
$LFWD: Want to make money! Here is LFWD for you- Huge Potential in Rehab Tech!,Impossible-Hair1343,3,1.0,2,2025-09-11 20:36:51,https://www.reddit.com/r/pennystocks/comments/1nepbxk/lfwd_want_to_make_money_here_is_lfwd_for_you_huge/,https://www.reddit.com/r/pennystocks/comments/1nepbxk/lfwd_want_to_make_money_here_is_lfwd_for_you_huge/,"Lifeward ($LFWD): $LFWD is making waves in the medtech space with its ReWalk exoskeleton and recent MyoCycle acquisition. Q2 2025 showed a solid 23% QoQ revenue jump to $7.5M, with full-year guidance at $24-26M. New CEO Larry Jasinski and CFO Mike Lawless are steering the ship, and a recent Medicare win for ReWalk reimbursement is a game-changer for accessibility. Analysts are bullish, with a $9 price target (~400% upside from current ~$0.58) and a Strong Buy consensus.

Low float, innovative pr",:Bagger: ğ—•ğ˜‚ğ—¹ğ—¹ğ—¶ğ˜€ğ—µ :Bullish:,False,False,0,self.pennystocks,1nepbxk
Recent Developments for Nukkleus Inc ($NUKK) a hidden gem.,staddann,9,0.85,9,2025-09-11 13:59:08,https://www.reddit.com/r/pennystocks/comments/1nefry2/recent_developments_for_nukkleus_inc_nukk_a/,https://www.reddit.com/r/pennystocks/comments/1nefry2/recent_developments_for_nukkleus_inc_nukk_a/,"Imagine a fintech underdog quietly morphing into a defense powerhouse, right as Europe's skies heat up with Russian drone incursions. **Nukkleus ($NUKK) is that hidden play**â€”fresh off a $10M raise, snapping up AI military tech via Tiltan, launching a drone payload subsidiary, and inking a Baltic JV for NATO-grade aviation hubs. With Poland's border under threat and NATO ramping defenses, their Baltic foothold positions them for explosive contracts in the $124B MRO and booming drone markets. Sti",:DDNerd: ğŸ„³ğŸ„³ :DDNerd:,False,False,0,self.pennystocks,1nefry2
AgEagle Aerial Systems (UAVS) teasing â€œexciting updateâ€ today (catalyst?),West-Chard-1474,31,1.0,23,2025-09-11 04:10:52,https://www.reddit.com/r/pennystocks/comments/1ne333t/ageagle_aerial_systems_uavs_teasing_exciting/,https://www.reddit.com/r/pennystocks/comments/1ne333t/ageagle_aerial_systems_uavs_teasing_exciting/,"The company just posted that something big is coming in today's morning. No details yet, just a curtain reveal image, but this kind of PR push usually means they want attention on it.

Possible angles:  
â€¢ New contract or government order (they have been focused on defense and ag-tech)  
â€¢ Partnership or tech integration news  
â€¢ Product update or expansion into a new market  
â€¢ Could also be financing or corporate news, but the â€œexcitingâ€ language suggests something bullish

With UAVS being a m",:Bolt2: ê‰“êê“„êê’’êŒ©êŒ—ê“„ :bolt:,False,False,0,self.pennystocks,1ne333t
OceanPal (OP) â€“ No More Warrants,jys78356,0,0.33,2,2025-09-11 22:44:35,https://www.reddit.com/r/pennystocks/comments/1nerwz1/oceanpal_op_no_more_warrants/,https://www.reddit.com/r/pennystocks/comments/1nerwz1/oceanpal_op_no_more_warrants/,"âš ï¸ OceanPal (OP) â€“ No More Warrants âš ï¸

OceanPal already holds ~$43M in cash.
There is no need for new warrants.

ğŸ‘‰ Additional dilution at $10/share would:

Destroy shareholder value

Trigger Nasdaq â€œpublic interestâ€ concerns

Put the stock at serious risk of delisting



---

Shareholder message:
OceanPal must protect value and use existing cash wisely.
New warrants now would only repeat the past and could end badly for everyone.

#OP #OceanPal #NASDAQ #Shareholders
",:snoo_dealwithit: General Discussion :snoo_dealwithit:,False,False,0,self.pennystocks,1nerwz1
"$NUAI 65 million volume premarket, spike to $0.79 after back to back LOIs including full funding.",Senior-Purchase-538,10,1.0,5,2025-09-11 09:58:00,https://i.redd.it/6j5aiwyfkjof1.jpeg,https://www.reddit.com/r/pennystocks/comments/1ne9iyy/nuai_65_million_volume_premarket_spike_to_079/,"Letter of intent with Mawgan Capital, fully funding and delivering Context labs (a Microsoft Azure partner) DZP, Digital Zero Power to keep track of emissions.

Context lists MSFT as one of their partners on their website: 

https://contextlabs.com/

The DZPâ„¢ platform leverages Irrefutableâ„¢ low carbon intensity gas certificates and carbon credits and is powered by Context Labsâ€™ Context AIâ„¢ Enterprise Carbon Management Platform

https://www.stocktitan.net/news/NUAI/new-era-energy-digital-s-tcdc-s",:Bagger: ğ—•ğ˜‚ğ—¹ğ—¹ğ—¶ğ˜€ğ—µ :Bullish:,False,False,0,i.redd.it,1ne9iyy
OPI stock gains,JDHikes,0,0.5,10,2025-09-11 21:33:46,https://www.reddit.com/r/pennystocks/comments/1neqhtm/opi_stock_gains/,https://www.reddit.com/r/pennystocks/comments/1neqhtm/opi_stock_gains/,"Recently, OPI has had a bad streak going from .32 in July to a low of .19 in the first week of September. 

I tried to see if there was any news out there that could have caused the sudden rise but all the headlines seem to discuss the sudden price drop. Perhaps itâ€™s still early for the sudden increase. 

In any case it may merit another look by anyone trying to get in on dividend investments. ",:snoo_dealwithit: General Discussion :snoo_dealwithit:,False,False,0,self.pennystocks,1neqhtm
My pennystock of the week - Fermentalg SA (ALGAE),boesesmaedchen1,9,1.0,5,2025-09-11 09:41:25,https://www.reddit.com/r/pennystocks/comments/1ne94yn/my_pennystock_of_the_week_fermentalg_sa_algae/,https://www.reddit.com/r/pennystocks/comments/1ne94yn/my_pennystock_of_the_week_fermentalg_sa_algae/,"**Fermentalg SA** is a French biotechnology company specializing in the research, development, and production of microalgae-based solutions. Its portfolio covers three main areas: natural food colorants, nutritional lipids (such as Omega-3), and environmental applications like carbon capture.

Big news for anyone betting on sustainable gamechangers: Fermentalg just got FDA approval for *Everzure*. 

[Color Additives FDA (July 14, 2025)](https://www.fda.gov/industry/color-additives)

Everzure is ",ğ‘ºğ’•ğ’ğ’„ğ’Œ ğ‘°ğ’ğ’‡ğ’ :stonk:,False,False,0,self.pennystocks,1ne94yn
ALRT Press Release,mithu_raj,21,0.97,9,2025-09-11 03:43:47,https://www.share-talk.com/defence-holdings-plc-lon-alrt-has-launched-its-first-sovereign-ai-product/,https://www.reddit.com/r/pennystocks/comments/1ne2oev/alrt_press_release/,"Defence Holdings PLC (LON: ALRT) has launched its first sovereign AI product

Defence Technologies Announces First AI Product Build in Information Operations: Project Ixian

Defence Holdings PLC (LSE: ALRT), the UKâ€™s first listed software-led defence company, is pleased to announce the launch of its first sovereign AI product build, Project Ixian. Project Ixian is the first in a growing portfolio of sovereign AI-enabled applications under Defence Technologies and targets information operations, ",ğ‘ºğ’•ğ’ğ’„ğ’Œ ğ‘°ğ’ğ’‡ğ’ :stonk:,False,False,0,share-talk.com,1ne2oev
The Lounge,AutoModerator,37,0.96,1715,2025-09-11 00:01:48,https://www.reddit.com/r/pennystocks/comments/1ndz2eq/the_lounge/,https://www.reddit.com/r/pennystocks/comments/1ndz2eq/the_lounge/,"Talk about your daily plays, ideas and strategies that do not warrant an actual post. 

This is the place to request buy/sell advice from the community. 

Remember to keep it civil.

Trade responsibly.",:snoo_dealwithit: General Discussion :snoo_dealwithit:,False,False,0,self.pennystocks,1ndz2eq
$AEMD Aethlon Medical this nanocap penny stock has a huge upcoming catalyst this month and massive ctb with no offering risk at all,Dat_Ace,5,0.86,7,2025-09-11 10:33:03,https://www.reddit.com/r/pennystocks/comments/1neafbw/aemd_aethlon_medical_this_nanocap_penny_stock_has/,https://www.reddit.com/r/pennystocks/comments/1neafbw/aemd_aethlon_medical_this_nanocap_penny_stock_has/,"$AEMD is a bottomed penny with no offering risk and confirmed cancer data coming this month, fresh 13g filing and very high CTB percentage.



\- Hemopurifier Phase 1 Cancer initial lab observations from the first patient cohort expected in September 2025.

Initial observations from the analysis of central lab samples from the first patient cohort in the Australian trial are expected to be available in September 2025.



\- 7.7% 13g filing out this morning



\- It is post-offering ( which was a",:DDNerd: ğŸ„³ğŸ„³ :DDNerd:,False,False,0,self.pennystocks,1neafbw
IMUX gains. What the hell do I do now?,redditforderek,52,0.91,42,2025-09-10 20:02:51,https://i.redd.it/k8mmd1vfffof1.jpeg,https://www.reddit.com/r/pennystocks/comments/1nduby9/imux_gains_what_the_hell_do_i_do_now/,"Iâ€™m really green on options. Keep learning. Bought some shares and a long calls  of IMUX because someone on here. Man I bought a bunch of UAV on off here too. I keep buying what yâ€™all say to buy and I consistently make money off here. Thank you guys. Any help, I would be so grateful. 

What would be your next move. Let this ride or take it. 

",:snoo_dealwithit: General Discussion :snoo_dealwithit:,False,False,0,i.redd.it,1nduby9
"Precigen (PGEN) â€“ FDA approval secured, funding in place, big Q3 earnings ahead?",Conscious_Pound_9259,9,1.0,5,2025-09-11 05:51:21,https://www.reddit.com/r/pennystocks/comments/1ne4lia/precigen_pgen_fda_approval_secured_funding_in/,https://www.reddit.com/r/pennystocks/comments/1ne4lia/precigen_pgen_fda_approval_secured_funding_in/,"Hey everyone,

I wanted to share some info Iâ€™ve been digging into about **Precigen (ticker: PGEN)**. Iâ€™m currently holding shares myself, and thought this community might find it interesting. *Not financial advice â€“ just sharing research and my own perspective.*

# ğŸ”‘ Recent Developments

* **FDA approval (August 2025):** Precigenâ€™s *Papzimeos* got full FDA approval for adult patients with recurrent respiratory papillomatosis (RRP). This is a rare disease with no previously approved therapy â€“ so ",ğ‘ºğ’•ğ’ğ’„ğ’Œ ğ‘°ğ’ğ’‡ğ’ :stonk:,False,False,0,self.pennystocks,1ne4lia
DVLT (Datavault AI Inc) â€“ Penny Stock Technical Analysis with New Product Update,Awkward_Affect_1941,5,1.0,1,2025-09-11 09:02:47,https://www.reddit.com/r/pennystocks/comments/1ne88s0/dvlt_datavault_ai_inc_penny_stock_technical/,https://www.reddit.com/r/pennystocks/comments/1ne88s0/dvlt_datavault_ai_inc_penny_stock_technical/,"Current Price: $0.32 (+3.2% today)  

Daily Range: $0.31 â€“ $0.34



Overview

DVLT is attempting to form a rounded bottom around $0.30 after a long downtrend, signaling a potential early reversal.



New Product

DVLT recently unveiled the WiSA E Endeavour Receiver Module â€“ a next-generation 5 GHz wireless audio solution that delivers uncompressed hi-fi sound with fixed low latency and supports up to 8 channels. Samples are already available, with mass production planned for this quarter. This p",ğ‘ºğ’•ğ’ğ’„ğ’Œ ğ‘°ğ’ğ’‡ğ’ :stonk:,False,False,0,self.pennystocks,1ne88s0
Hemostemix Announces TSXV Approval of Debt Settlement at $0.20 per Share,Emotional_Volume_728,2,1.0,1,2025-09-11 11:58:01,https://www.reddit.com/r/pennystocks/comments/1neckv9/hemostemix_announces_tsxv_approval_of_debt/,https://www.reddit.com/r/pennystocks/comments/1neckv9/hemostemix_announces_tsxv_approval_of_debt/,"Calgary, Alberta--(Newsfile Corp. - September 10, 2025) -Â **Hemostemix Inc.**Â (TSXV: HEM) (OTCQB: HMTXF) (FSE: 2VF0) (""**Company**""), the leading autologous (patient's own) stem cell therapy company offeringÂ **VesCellâ„¢ (ACP-01)**Â to individuals suffering from peripheral arterial disease, chronic limb threatening ischemia, angina, ischemic cardiomyopathy, non ischemic dilated cardiomyopathy, congestive heart failure, and total body ischemia, in Florida under Florida's SB 1768, announces that it h",ğ‘ºğ’•ğ’ğ’„ğ’Œ ğ‘°ğ’ğ’‡ğ’ :stonk:,False,False,0,self.pennystocks,1neckv9
$CQX: Why I Bought 1M Shares of Copper Quest,Temporary_Noise_4014,1,1.0,4,2025-09-11 15:09:43,https://www.reddit.com/r/pennystocks/comments/1nehmjs/cqx_why_i_bought_1m_shares_of_copper_quest/,https://www.reddit.com/r/pennystocks/comments/1nehmjs/cqx_why_i_bought_1m_shares_of_copper_quest/,"Although I've been around long enough to witness junior miners go through cycles of hype, occasionally you'll come across one that doesn't feel like the typical ""maybe drill, maybe promote"" narrative. That one for me was Copper Quest Exploration (CSE: CQX, OTC: IMIMF). I have witnessed numerous explorers attempt to ride the macro wave of copper. This one had a distinct feel. Actual land. Actual intercepts. Actual team. And now, actual U.S. expansion.

Earlier this year, they rebranded themselves",:DDNerd: ğŸ„³ğŸ„³ :DDNerd:,False,False,0,self.pennystocks,1nehmjs
$NBY reverse split and dilution,kennedy_files,4,0.83,12,2025-09-11 07:30:06,https://i.redd.it/yjd22s22uiof1.jpeg,https://www.reddit.com/r/pennystocks/comments/1ne6b4m/nby_reverse_split_and_dilution/,"Yesterday, Novabay Pharmaceuticals ($NBY) filed with the SEC that pending board approval, it is diluting the shares from 150M to 1.5B including a reverse split from 1-to-2 to 1-to-10. 

That explains why they are doing a one time special dividend. They want to withdraw the cash Asset from the company to their own pockets because the dilution and reverse stock split will lead to a massive devaluation of their market capitalization potentially dropping the price from $2.45 (pre market today) to le",ğ‘ºğ’•ğ’ğ’„ğ’Œ ğ‘°ğ’ğ’‡ğ’ :stonk:,False,False,0,i.redd.it,1ne6b4m
Subject: OceanPal (OP) Reg SHO First Listing &amp; Forced Buy-in Deadline,jys78356,0,0.5,2,2025-09-11 14:04:20,https://i.redd.it/12ob4zzdskof1.jpeg,https://www.reddit.com/r/pennystocks/comments/1nefx1v/subject_oceanpal_op_reg_sho_first_listing_forced/,"The first listing date on the Threshold List is confirmed as August 27 (Wed).

Therefore, based on Aug 27, within 13 consecutive settlement days (â‰ˆ10 trading days), at least partial FTD covering must occur.
â†’ The legal forced buy-in deadline = September 16 (Mon).

OP also continues to appear in the files of Sep 2 and Sep 3, confirming consecutive listings.


ğŸ‘‰ In conclusion, OPâ€™s first Reg SHO listing date = August 27, 2025,
and the final forced buy-in deadline = September 16, 2025.",ğ‘ºğ’•ğ’ğ’„ğ’Œ ğ‘°ğ’ğ’‡ğ’ :stonk:,False,False,0,i.redd.it,1nefx1v
"This Penny stock will create the largest supply of silver in the USA, through recycling",Bioleum,28,0.78,34,2025-09-10 19:34:37,https://www.reddit.com/r/pennystocks/comments/1ndtq85/this_penny_stock_will_create_the_largest_supply/,https://www.reddit.com/r/pennystocks/comments/1ndtq85/this_penny_stock_will_create_the_largest_supply/,"Comstock is ready to drive growth through solar panel recycling, turning end of life solar panels into a steady source of silver and other valuable metals.

Comstock says the path to becoming the biggest silver producer in the U.S. comes down to scale. Their first plant in Silver Springs, Nevada, is being built to recycle 100,000 tons of solar panels every year. Management has said that just two full-scale facilities like this could put them ahead (in output) of every traditional silver miner in",ğ‘ºğ’•ğ’ğ’„ğ’Œ ğ‘°ğ’ğ’‡ğ’ :stonk:,False,False,0,self.pennystocks,1ndtq85
$HPQ.V - potential battery/materials play in North America,Papamje,1,1.0,3,2025-09-11 12:36:29,https://www.reddit.com/r/pennystocks/comments/1nedksx/hpqv_potential_batterymaterials_play_in_north/,https://www.reddit.com/r/pennystocks/comments/1nedksx/hpqv_potential_batterymaterials_play_in_north/,"I've been looking into some interesting penny stocks, and HPQ Silicon ($HPQ.V / $HPQFF) caught my eye. It's a Canadian company working on silicon materials for EV batteries and fumed silica for various industries as well as green hydrogen from silicon.

HPQ is developing tech to produce high-purity silicon through their PUREVAP process, which is more environmentally friendly than traditional methods. (no rest gasses and quartz straight to silicon) This silicon can improve lithium-ion battery per",:DDNerd: ğŸ„³ğŸ„³ :DDNerd:,False,False,0,self.pennystocks,1nedksx
PFSA - commented yesterday in the lounge. Got downvoted into oblivion. Why I think this will continue moving.,the_infamous_walrus,1,0.57,10,2025-09-11 11:59:23,https://www.reddit.com/r/pennystocks/comments/1necm4s/pfsa_commented_yesterday_in_the_lounge_got/,https://www.reddit.com/r/pennystocks/comments/1necm4s/pfsa_commented_yesterday_in_the_lounge_got/,"They have a solid af CFO. They also have a Trump ally , former head of the VA, as leading director. 

I guess some people got burned earlier this year but I wasnâ€™t even back into investing until after that I think. 

Anyway. The DD is my reasoning of Trump supports his allies. Peter Oâ€™Rourke is a hard core, unwavering Trump ally.

On top of that the biometrics device actually seems incredibly useful, if itâ€™s not a scam, which the CEO having a Ph.D in biology from John Hopkins would lead me to be",:Bagger: ğ—•ğ˜‚ğ—¹ğ—¹ğ—¶ğ˜€ğ—µ :Bullish:,False,False,0,self.pennystocks,1necm4s
Mobix Labs Advances Toward Peraso Acquisition After Positive Meeting with Management,Dazzling_Reception37,2,1.0,5,2025-09-11 07:33:46,https://www.reddit.com/r/pennystocks/comments/1ne6dq2/mobix_labs_advances_toward_peraso_acquisition/,https://www.reddit.com/r/pennystocks/comments/1ne6dq2/mobix_labs_advances_toward_peraso_acquisition/,"~ Mobix Labs Proposes 30% Cash for Investors ~

~ Peraso Seen as Strong Strategic Fit with Mobix Labs, Driving Revenue Growth and Cost Savings ~

~Mobix Labs Targets 75-Day Closing ~

IRVINE, Calif., Sept. 11, 2025 (GLOBE NEWSWIRE) -- Mobix Labs, Inc. (Nasdaq: MOBX), a fast-growing provider of advanced connectivity and defense technology solutions, today announced that it held a constructive meeting with Peraso, Inc. (Nasdaq: PRSO) regarding Mobix Labs enhanced cash-and-stock proposal to acquire",ğ‘ºğ’•ğ’ğ’„ğ’Œ ğ‘°ğ’ğ’‡ğ’ :stonk:,False,False,0,self.pennystocks,1ne6dq2
SCZ.V; Strong silver mining stock with high expectations.,signguy1983,1,1.0,3,2025-09-11 10:48:58,https://www.reddit.com/r/pennystocks/comments/1neau72/sczv_strong_silver_mining_stock_with_high/,https://www.reddit.com/r/pennystocks/comments/1neau72/sczv_strong_silver_mining_stock_with_high/,"Overview: Santacruz Silver Mining Ltd. is involved in acquiring, exploring, developing, producing, and operating mineral properties in Latin America, with a market cap of CA$676.72 million.

Operations: The company's revenue is derived from its operations at Porco ($40.12 million), Bolivar ($82.69 million), Zimapan ($90.00 million), SAN Lucas ($88.04 million), and the Caballo Blanco Group ($73.94 million).

Market Cap: CA$676.72M

Santacruz Silver Mining Ltd. demonstrates a mixed profile within ",:Bagger: ğ—•ğ˜‚ğ—¹ğ—¹ğ—¶ğ˜€ğ—µ :Bullish:,False,False,0,self.pennystocks,1neau72
Amesite Inc. (AMST)releases Launch of AI-Powered Government Form-Fill Automation,ValueExpert84,1,1.0,2,2025-09-11 10:45:23,https://www.reddit.com/r/pennystocks/comments/1near00/amesite_inc_amstreleases_launch_of_aipowered/,https://www.reddit.com/r/pennystocks/comments/1near00/amesite_inc_amstreleases_launch_of_aipowered/,"Just released news and only around 4,5Mio shares outstanding. Already up 40%

Amesite Reports 63% Revenue Growth from NurseMagicâ„¢ Enterprise; Announces Launch of AI-Powered Government Form-Fill Automation to Reduce Reporting Burden.

Perhaps an overnight position? ",:snoo_dealwithit: General Discussion :snoo_dealwithit:,False,False,0,self.pennystocks,1near00
Top 5 Penny Stocks Under $5 to Watch Today,Realistts,30,0.78,36,2025-09-10 16:09:17,https://www.reddit.com/r/pennystocks/comments/1ndowg4/top_5_penny_stocks_under_5_to_watch_today/,https://www.reddit.com/r/pennystocks/comments/1ndowg4/top_5_penny_stocks_under_5_to_watch_today/,"1. RITR (Reitar Logtech) â€“ $4.90, \~$30M mkt cap. Quiet low-float logistics play just dropped a $150M MOU for major infra expansion. Up 50%+ and still under the radar.

2. WĞšSĞ  (WĞ¾rksÑ€Ğ¾rt Ltd.) â€“ $3.76, $19M mkt cap. Q2 revenue $4.1M (+83% QoQ), DOE-backed SOLIS/COR launch this fall; coiling for breakout.

3. CURI (CuriosityStream) â€“ $4.32, $253M mkt cap. Premium content, 25% subscriber growth.

4. MAPS (WM Technology) â€“ $0.95, $154M mkt cap. Robust trading volume and fintech pivot.

5. SB (Safe",ğ‘ºğ’•ğ’ğ’„ğ’Œ ğ‘°ğ’ğ’‡ğ’ :stonk:,False,False,0,self.pennystocks,1ndowg4
"While Everyone Drools Over CWD, THIS GEM Quietly Runs A Stronger Playbook",Leading_Cow_795,90,0.94,42,2025-09-10 09:40:37,https://www.reddit.com/r/pennystocks/comments/1ndeigc/while_everyone_drools_over_cwd_this_gem_quietly/,https://www.reddit.com/r/pennystocks/comments/1ndeigc/while_everyone_drools_over_cwd_this_gem_quietly/,"CWD ripped +2000% today just for announcing a treasury move into Chainlink. Traders love the headline, but step back: UTRX has already built a deeper model.



â€“ Bitcoin AND Ethereum treasury policies

â€“ 5.5 BTC already purchased

â€“ Rights to acquire mined Bitcoin each month

â€“ Patent pending for tokenization rails

â€“ Float shrunk to \~40M after canceling 165M shares



Thatâ€™s a more complete, scalable strategy than simply â€œbuy LINK.â€ CWD showed the market still rewards digital asset treasuries.",:DDNerd: ğŸ„³ğŸ„³ :DDNerd:,False,False,0,self.pennystocks,1ndeigc
"Lots of chatter, but what is actually happening here? Lets dig.",Icy_Mood_3639,28,0.87,7,2025-09-10 15:21:54,https://i.redd.it/qf9j5vpxxdof1.png,https://www.reddit.com/r/pennystocks/comments/1ndnp4k/lots_of_chatter_but_what_is_actually_happening/,"There will be two bits to this post, first one more so of what we observe on this marvelous screen chop and second one more diggin into: what they do and what to expect. And what not. BTW congrats, whole bunch of green plays today so whoever bagged sum props to you. 

# Part One. (Skip if you read charts well)

Short-term: The MA5 (1.886) and MA30 (1.872) are almost overlapping, with price sitting right on top of them. Thatâ€™s neutral momentum and a small consolidation triangle forming.

Medium-t",:DDNerd: ğŸ„³ğŸ„³ :DDNerd:,False,False,0,i.redd.it,1ndnp4k
Nvni - Something bigger development..,DashingHeart81,12,1.0,4,2025-09-10 18:25:27,https://www.reddit.com/r/pennystocks/comments/1nds6jo/nvni_something_bigger_development/,https://www.reddit.com/r/pennystocks/comments/1nds6jo/nvni_something_bigger_development/,"We are entering ""full AI"" mode at Leadlovers.

nuvini chose some companies in the group to receive a heavy investment in Artificial Intelligence, and leadlovers was one of those selected.

Over the next 30 days, we'll pause traditional development for something bigger: taking a deep dive into the use of AI applied to our day-to-day technical lives.

Each dev on our team will have access to Claude Code, one of the world's most advanced AI tools for programming.

The goal is to learn, experiment a",ğ‘ºğ’•ğ’ğ’„ğ’Œ ğ‘°ğ’ğ’‡ğ’ :stonk:,False,False,0,self.pennystocks,1nds6jo
"The last time this team went hunting, investors saw an $11B exit. Gold near record highs...",That_Contribution750,0,0.5,6,2025-09-11 07:17:19,https://www.reddit.com/r/pennystocks/comments/1ne62ed/the_last_time_this_team_went_hunting_investors/,https://www.reddit.com/r/pennystocks/comments/1ne62ed/the_last_time_this_team_went_hunting_investors/,"***A proven $2.2B-raising mining team. 400 kmÂ² of historic NZ ground. This setup feels different.***

Most of us donâ€™t realize this; New Zealand was one of the worldâ€™s richest gold regions in the late 1800s. 

Historic mines pulled out millions of ounces, but hereâ€™s the twist: the vast majority of those deposits were never fully developed with modern tech.

Now, a veteran mining team (the same crew behind $11B+ in past exits and eight mine builds) is going after whatâ€™s left in these â€œrebornâ€ dis",ğ‘ºğ’•ğ’ğ’„ğ’Œ ğ‘°ğ’ğ’‡ğ’ :stonk:,False,False,0,self.pennystocks,1ne62ed
$NVNI: DD + Potential Catalysts (Sept 30 earnings H1) ğŸ§,elsebe777,54,0.95,16,2025-09-10 07:14:06,https://www.reddit.com/r/pennystocks/comments/1ndbbnd/nvni_dd_potential_catalysts_sept_30_earnings_h1/,https://www.reddit.com/r/pennystocks/comments/1ndbbnd/nvni_dd_potential_catalysts_sept_30_earnings_h1/,"A lot of people already got into $NVNI and are holding it as a long term investment, or even as a swing trade till earnings release, but there are still people who haven't noticed this one, and to be honest, it's too good to ignore.

-
Their business model. 

Nuvini is Latin Americaâ€™s (Brazil, unsaturated market) leading SaaS consolidator. Basically, they buy profitable B2B SaaS companies with strong recurring revenue and cashflow, integrate them, and keep them running under one umbrella. Unlike",:DDNerd: ğŸ„³ğŸ„³ :DDNerd:,False,False,0,self.pennystocks,1ndbbnd
ITRM update,Mysterious-Spirit342,6,0.88,8,2025-09-10 17:41:41,https://www.reddit.com/r/pennystocks/comments/1ndr5e2/itrm_update/,https://www.reddit.com/r/pennystocks/comments/1ndr5e2/itrm_update/,"So hereâ€™s something worth paying attention to if youâ€™ve been watching Iterum Therapeutics ($ITRM):

ğŸ”¹Â **The share dilution proposal did not pass** ğŸ”¹Â 

Thatâ€™s a big deal, since there is now no near-term dilution risk hanging over shareholders. For a small-cap biotech, thatâ€™s usually one of the biggest red flags investors worry about.

[http://archive.fast-edgar.com/20250910/A72ZQQ23ZC22CZA8222T2Z42STVDZK22Z372/](http://archive.fast-edgar.com/20250910/A72ZQQ23ZC22CZA8222T2Z42STVDZK22Z372/)",ğ‘ºğ’•ğ’ğ’„ğ’Œ ğ‘°ğ’ğ’‡ğ’ :stonk:,False,False,0,self.pennystocks,1ndr5e2
Diablo Resources (DBO) looking to start a new uptrend?,Any-Equal-5464,1,1.0,8,2025-09-11 02:31:46,https://www.reddit.com/r/pennystocks/comments/1ne1kt6/diablo_resources_dbo_looking_to_start_a_new/,https://www.reddit.com/r/pennystocks/comments/1ne1kt6/diablo_resources_dbo_looking_to_start_a_new/,"I probably don't use TA how most do however I do find it useful at times when multiple confluences align and the charts look too good.

I spent many years of my life learning all methods of TA and come to the conclusion most are total bullshit and only a handful seem to work and even then they can be pretty meh.

I won't elaborate too much on the ''why'' here but in short here's the takeaways:

Weekly pivots of downtrend busted, Increase in volume/sell volume less on retrace, structure broke/re-",:DDNerd: Technical Analysis :DDNerd:,False,False,0,self.pennystocks,1ne1kt6
HUMA - Humacyte expects drastic sales increase in Q3,Comfortable_Crab_792,10,0.86,12,2025-09-10 13:56:48,https://www.reddit.com/r/pennystocks/comments/1ndlf9s/huma_humacyte_expects_drastic_sales_increase_in_q3/,https://www.reddit.com/r/pennystocks/comments/1ndlf9s/huma_humacyte_expects_drastic_sales_increase_in_q3/,"I work in cardiothoracic and vascular surgery, and Iâ€™ve been invested in/excited about this company since Fall of last year, and Iâ€™m expecting big things to come with its increasing number of hospital value analysis committee (VAC) approvals, and recent ECAT approval for military use.

I endoscopically harvest greater saphenous veins for use as autologous bypass grafts for both coronary arteries and peripheral (lower extremity) arteries, and they are the gold standard for bypass conduit (other t",ğ‘ºğ’•ğ’ğ’„ğ’Œ ğ‘°ğ’ğ’‡ğ’ :stonk:,False,False,0,self.pennystocks,1ndlf9s
$NUAI â€” New Era Energy and digital. Former $NEHC â€” New Era Helium facing delist notice.,Senior-Purchase-538,2,0.63,11,2025-09-10 16:54:00,https://www.reddit.com/r/pennystocks/comments/1ndq0c5/nuai_new_era_energy_and_digital_former_nehc_new/,https://www.reddit.com/r/pennystocks/comments/1ndq0c5/nuai_new_era_energy_and_digital_former_nehc_new/,"
September 2, Letter of intent with Thunderhead:

""-Under the agreement, Thunderhead will finance, construct, and operate approximately 250 MW of gas-fired generation capacity using a hybrid deployment of reciprocating engines and turbines.""

https://finance.yahoo.com/news/era-energy-digital-tcdc-thunderhead-120000638.html

Note that Thunderhead is fully funded by Harbert up to 1500MW:

https://www.datacenterdynamics.com/en/news/thunderhead-and-hmc-to-deliver-up-to-15gw-of-offgrid-natural-gas-po",BagHolding:BagHolding:,False,False,0,self.pennystocks,1ndq0c5
"Wearable Devices Secures U.S. Patent for Breakthrough Voice and Gesture Control Technology, Enhancing Leadership in AI Wearables Market",ValueExpert84,2,0.75,4,2025-09-10 16:33:55,https://www.reddit.com/r/pennystocks/comments/1ndpi9v/wearable_devices_secures_us_patent_for/,https://www.reddit.com/r/pennystocks/comments/1ndpi9v/wearable_devices_secures_us_patent_for/,"U.S. Market Size &amp; Growth (Gesture-Controlled Wearables) The U.S. gesture-controlled wearables market was valued at USD 1.62 billion in 2024 and is projected to reach approximately USD 4.9 billion by 2034, reflecting a compound annual growth rate (CAGR) of 11.8%  .

This segment is part of the broader global AI-enabled wearables market, which was USD 21.2 billion in 2022 and expected to grow to USD 166.5 billion by 2030, potentially exceeding USD 260 billion by 2032",ğ‘ºğ’•ğ’ğ’„ğ’Œ ğ‘°ğ’ğ’‡ğ’ :stonk:,False,False,0,self.pennystocks,1ndpi9v
The Lounge,AutoModerator,42,0.92,1713,2025-09-10 00:01:01,https://www.reddit.com/r/pennystocks/comments/1nd4a1k/the_lounge/,https://www.reddit.com/r/pennystocks/comments/1nd4a1k/the_lounge/,"Talk about your daily plays, ideas and strategies that do not warrant an actual post. 

This is the place to request buy/sell advice from the community. 

Remember to keep it civil.

Trade responsibly.",:snoo_dealwithit: General Discussion :snoo_dealwithit:,False,False,0,self.pennystocks,1nd4a1k
Bull case for $PRSO,Dazzling_Reception37,3,1.0,8,2025-09-10 13:33:54,https://i.redd.it/h48jljl1idof1.jpeg,https://www.reddit.com/r/pennystocks/comments/1ndksfe/bull_case_for_prso/,"Today $PRSO announced they have been selected by Welink as their partner for their FWA architecture.
(https://feeds.issuerdirect.com/news-release.html?newsid=6178134103519523&amp;symbol=PRSO)

May 2024: Welink was the chosen partner by Los Angeles County to serve 275,000 households and the project will costâ€œmany tens of millions of dollars.â€ This project is slated to end by end 2025. (https://laist.com/news/free-or-low-cost-internet-coming-to-east-south-la)

275,000 x $65/month = $17 million/mon",ğ‘ºğ’•ğ’ğ’„ğ’Œ ğ‘°ğ’ğ’‡ğ’ :stonk:,False,False,0,i.redd.it,1ndksfe
CRNT â€“ Sleeper 5G Penny Stock With Multi-Bagger Potential ğŸš€,Smooth_Operator2875,16,0.9,14,2025-09-10 04:24:59,https://www.reddit.com/r/pennystocks/comments/1nd8k27/crnt_sleeper_5g_penny_stock_with_multibagger/,https://www.reddit.com/r/pennystocks/comments/1nd8k27/crnt_sleeper_5g_penny_stock_with_multibagger/,"

Alright fam, listen up. I think I just found one of the most slept-on plays in telecom: CRNT (Ceragon Networks). Itâ€™s ~$2 right now but has legit potential to run hard if the market wakes up. Especially, with rate cuts on the horizon and itâ€™s seasonal push. 

Earlier in the year, it was around $5 , but been hovering around $2 since Feb â€˜25 

â¸»

Why Iâ€™m Bullish:

5G Backbone Play â€“ Every tower needs backhaul. CRNT provides the cheaper, faster alternative to laying fiber. As 5G continues rolling",:snoo_dealwithit: General Discussion :snoo_dealwithit:,False,False,0,self.pennystocks,1nd8k27
OceanPal must stop lending shares.,jys78356,3,1.0,1,2025-09-10 10:40:20,https://www.reddit.com/r/pennystocks/comments/1ndg1hz/oceanpal_must_stop_lending_shares/,https://www.reddit.com/r/pennystocks/comments/1ndg1hz/oceanpal_must_stop_lending_shares/," To OceanPal insiders &amp; board: The company holds $25M cash, enough for years of operations. Lending shares to shorts or issuing new warrants nowâ€”amid SHO listing, code change, and FTDs exceeding floatâ€”has no justification. It is not financing, it is collusion.

Past reverse splits already wiped 90%+ of value after repeated warrant deals. Repeating this pattern would be clear shareholder fraud and market manipulation. Violations include SEC Rule 10b-5, Reg SHO, and Exchange Act Â§9(a).

Such a",:snoo_dealwithit: General Discussion :snoo_dealwithit:,False,False,0,self.pennystocks,1ndg1hz
Take a quick look at CVVY.TO before it gets deleted â€” some people are worried itâ€™s been ğŸ“ˆ climbing too fast.,Icy_Reputation2005,1,0.57,2,2025-09-10 11:45:27,https://www.reddit.com/r/pennystocks/comments/1ndhspx/take_a_quick_look_at_cvvyto_before_it_gets/,https://www.reddit.com/r/pennystocks/comments/1ndhspx/take_a_quick_look_at_cvvyto_before_it_gets/,"Cavvy Energy's Explosive Growth Drivers 1.
Canadian LNG Revival - With the new Canadian government refocusing on LNG exports, natural gas is set to become one of the key drivers of the Canadian economy. 2. India's Rise - Just as China's growth once ignited a commodity supercycle, India's economic expansion will likely fuel another surge in global demand. Sulphur, which traded at $600-800/ton from 2005-2008, is now around $250/ton and has a strong probability of reaching new highs in the coming y",ğ‘ºğ’•ğ’ğ’„ğ’Œ ğ‘°ğ’ğ’‡ğ’ :stonk:,False,False,0,self.pennystocks,1ndhspx
"$BURU - people still positioning for shares. Good volume so far this morning, trading in a tight range... One of the most important next steps in that process is the establishment of a capital foundation to drive that transformation.",Front-Page_News,2,0.67,2,2025-09-10 10:31:53,https://www.reddit.com/r/pennystocks/comments/1ndftmi/buru_people_still_positioning_for_shares_good/,https://www.reddit.com/r/pennystocks/comments/1ndftmi/buru_people_still_positioning_for_shares_good/,"$BURU - people still positioning for shares.  Good volume so far this morning, trading in a tight range...

One of the most important next steps in that process is the establishment of a capital foundation to drive that transformation. Coming news from the Company will provide plenty of context for that remark.
https://www.businesswire.com/news/home/20250909958986/en/NUBURU-Provides-Shareholder-Update-on-Strategic-Progress-and-Path-to-Controlling-Interest-in-Tekne
",:Bolt2: ê‰“êê“„êê’’êŒ©êŒ—ê“„ :bolt:,False,False,0,self.pennystocks,1ndftmi
ONDS Ties to White house,PresentAd5182,25,0.88,11,2025-09-09 20:48:38,https://www.reddit.com/r/pennystocks/comments/1nd0cbm/onds_ties_to_white_house/,https://www.reddit.com/r/pennystocks/comments/1nd0cbm/onds_ties_to_white_house/,"Connect the Dots-we are looking good ğŸ‘

Donald Trump Jr. joined the advisory board of Unusual Machines (UMAC) in November 2024, leading to a surge in the drone company's stock price. 

Unusual Machines (UMAC) and Ondas Holdings (ONDS) are drone technology companies that are collaborating on AI-powered computer vision technologies. In August 2025, they partnered with Safe Pro Group Inc. to develop and sell drone solutions. 

",:DDNerd: ğŸ„³ğŸ„³ :DDNerd:,False,False,0,self.pennystocks,1nd0cbm
